epoch,recon,kl,acc
1,1.6076380902645635,0.12479373396975764,0.5292693014968844
2,1.3867131495008282,0.4118787633145557,0.5564567563580531
3,1.2819841796276616,0.9441487736561719,0.5870660409039142
4,1.2412614775638955,1.5762164218752992,0.6012589428939071
5,1.249590280009251,1.1592940395953608,0.6179374731054493
6,1.1831614340052885,1.6406957705815632,0.6386928663534277
7,1.1517252290950102,1.8743061645358217,0.6467164030262068
8,1.145776909940383,1.6473244639003979,0.646922885202894
9,1.0682498567244585,1.8334008805892046,0.6580909782764959
10,1.046566362474479,1.7572155372769225,0.6595541156974494
11,1.1123593695023481,1.8030418718562407,0.6530091838509429
12,1.0185090642349393,1.6176095289342545,0.6617120130389345
13,0.9668431433976865,1.6815393765767415,0.6799744835086897
14,0.9415857137418261,1.6244526447034349,0.6856656495262595
15,0.9325453346850825,1.5283064561731674,0.6904450526424483
16,0.9026542352695092,1.5102308334088792,0.6977672191227183
17,0.8715203649857465,1.5646584127463548,0.7068921584709018
18,0.8598284569441104,1.5109378987667608,0.707317895749036
19,0.8994903833258385,1.42922310034434,0.69921680875853
20,0.8377625743548075,1.5065374514635872,0.7202285259377723
21,0.8269693196988573,1.4458329958074234,0.722721120890449
22,0.837820709920397,1.394221072103463,0.7223036955384647
23,0.7987417239768833,1.4069795912387324,0.7311813211908528
24,0.7860055507398119,1.4238849457572489,0.7324609382479799
25,0.7635733344975639,1.3497241875704598,0.743798716395509
26,0.7398863288701749,1.4057493583828795,0.7467268670306486
27,0.7290069075191722,1.4118839034847184,0.7506938471513636
28,0.7233044750550214,1.376530974519019,0.7519797752885258
29,0.7067647249090905,1.3636901495503444,0.7568435505324719
30,0.6847691541793299,1.385834016051947,0.7618481996012669
31,0.6649668573164472,1.369564269103256,0.7691405485658085
32,0.6455112625570858,1.3562691983054667,0.7746730516938602
33,0.6107931394203037,1.3991227126589008,0.7849892377853394
34,0.6031861363672743,1.425682222141939,0.7874614619741253
35,0.5772824234822217,1.4511144207973106,0.7957315620254067
36,0.5644077664496852,1.4750630808811562,0.799439952653997
37,0.5563725881716785,1.4699487452413522,0.8018501190578237
38,0.5280382790986229,1.4930509959950167,0.8102027341431263
39,0.5160099086808223,1.5273340543111165,0.8139059356614655
40,0.500168945275101,1.514303443478603,0.8189465111377192
41,0.486248606560277,1.5602370640810799,0.8249580813389198
42,0.46747730818449285,1.580199547842437,0.8301178614298502
43,0.45644622223049985,1.5878118510339774,0.8336488277304406
44,0.4374290494357838,1.610276743477466,0.8406346697433322
45,0.4387778394362506,1.6086286329755597,0.8405516486541897
46,0.40299810498368505,1.6581286075068455,0.8520746347950954
47,0.3693019122469659,1.7007820793226653,0.8641571040247001
48,0.3638085202843535,1.6947221779355817,0.8657488074957156
49,0.35259121919379516,1.6826388555414535,0.87036452924504
50,0.3407514603698955,1.6928948865217321,0.8738599793583739
51,0.32923272339736714,1.7336359117545335,0.8790078373516307
52,0.3163834830709532,1.7362631535997577,0.8831864151300168
53,0.33421290096114664,1.6774133256837434,0.8783011494898328
54,0.33399100017313865,1.6777721175960465,0.8782877653252845
55,0.29134055826009486,1.765458534745609,0.8927765769117019
56,0.24115637879745633,1.8240257221109726,0.9104015721994287
57,0.2141637022004408,1.8361877062741447,0.920453731920205
58,0.19669429665687038,1.8748253864400528,0.9270474092633116
59,0.1954629142202583,1.8877293619455076,0.9273959620326173
60,0.19301343694621442,1.8775989144456153,0.9284372785512138
61,0.19068419582703533,1.8268813853170358,0.9297560371604621
62,0.18557978377622716,1.8259598577723783,0.9314783005153432
63,0.18855721664194966,1.8342041922550576,0.9304879436305925
64,0.1960916527930428,1.780975949530508,0.9285891091122347
65,0.2558484296588337,1.6850096548304838,0.9091102445826811
66,0.270615769367592,1.6465238052255966,0.9032068124004439
67,0.22867276358838176,1.7418504228778915,0.9171808724309883
68,0.16071372946687773,1.8642579176846672,0.9414175725450703
69,0.12182952273710101,1.881930344245013,0.9558324685283736
70,0.09485285429685723,1.8908801312540091,0.9658855480306289
71,0.07740402039067418,1.9351797010384353,0.9721276093931759
72,0.06964548998603634,1.9182353323581172,0.975432483588948
73,0.06454168829847784,1.9010804891586304,0.9771594814225739
74,0.06434093276951827,1.8988018666996676,0.9770608509288115
75,0.0669342587683715,1.890385625409145,0.9759757810947942
76,0.07311622382086866,1.8662966162550683,0.9737447126238954
77,0.09509848554929097,1.8043866134157367,0.9660051289726707
78,0.10787305652218707,1.7760320387634576,0.9610507932363772
79,0.11775651223519269,1.736920384799733,0.9579371622964448
80,0.13756911982508266,1.7212623685014015,0.9515119475476882
81,0.10826485048906476,1.7805316752078486,0.9614968451799131
82,0.09360392435508616,1.7835988834792493,0.9668499067717907
83,0.07665258872450567,1.7625312127319037,0.9727455506137773
84,0.061438131347006444,1.7905324931238211,0.9782350612621681
85,0.048480638649825956,1.7582427683998556,0.9832193208675758
86,0.052876676816274136,1.738678350168116,0.9827516897051942
87,0.10396162778431293,1.652613875912685,0.9643979037509245
88,0.08449523055962488,1.7723003766115974,0.970732358156466
89,0.06143025542591132,1.7602141604704016,0.9786350154409221
90,0.05093918127172133,1.7310439955954458,0.9830403059136634
91,0.04874226180653946,1.7119956507402307,0.9836207838619456
92,0.05296337615479441,1.708079267950619,0.98272284339456
93,0.1268492135054925,1.5903665622075398,0.9605990063910391
94,0.16753066623327778,1.594241782730701,0.9442697880314845
95,0.13927352691397948,1.6812161534440284,0.951542480319154
96,0.08106468537566709,1.7361379254098033,0.9713063765974606
97,0.03275979365057805,1.7681651021919997,0.9893753177979413
98,0.015925513763053744,1.6599212838154214,0.995919782741397
99,0.011632490866616661,1.588003950960496,0.9972314554102281
100,0.010156801363051521,1.5215580790650611,0.9975794822561974
101,0.00915582871575858,1.4814752807804183,0.9979302801337897
102,0.008547332238259852,1.4453635402754241,0.9979786639120064
103,0.008247149003413962,1.4191685727998322,0.9980874236892251
104,0.00742634350214811,1.4122469729068232,0.9982693814763836
105,0.007102997626597975,1.384496995047027,0.9983269677442663
106,0.006698980219844801,1.3644585749682259,0.9984467508746129
107,0.006509507189084794,1.352372686068217,0.9984464925878188
108,0.006192190750666401,1.335300321672477,0.9984729091326395
109,0.005875688082739419,1.3259299105288935,0.9985950764487771
110,0.005684643481657201,1.3181633364920522,0.9986759646266115
111,0.005247002800780476,1.299028758909188,0.9988310266943539
112,0.005334507979854357,1.2950519440220851,0.998754222019046
113,0.005412872017854277,1.2992296849980074,0.998723591075224
114,0.0054651178173063435,1.2859702624526679,0.9986795736294166
115,0.005250716499765129,1.2937197615118587,0.9987079080413369
116,0.00526490756630094,1.298808539614958,0.9987567967059565
117,0.005492443889927338,1.2854078049753226,0.9986447890599569
118,0.005470664085199435,1.2905560638390334,0.9986922892869687
119,0.005574880866333842,1.2732113693274705,0.998590699597901
120,0.005730130440354639,1.2891528770035388,0.998561370606516
121,0.005398498460029562,1.2834147191515155,0.9986658411867478
122,0.005311452660380918,1.2696443094926722,0.9986295489703908
123,0.004320192410994102,1.2373816569646199,0.9990020861812666
124,0.003740689593969899,1.210083704368741,0.9991641979591519
125,0.0032770601466444193,1.1902991696900012,0.99933408054651
126,0.003098694534570563,1.1703410405738681,0.9993497495557747
127,0.0030881815736054207,1.1575708015292299,0.9993311388819826
128,0.0031011720032741628,1.162222754721548,0.9993417309779747
129,0.002998072806946641,1.1466727326898014,0.9993839801526537
130,0.0028399516572700997,1.1504466066173478,0.9993884563446045
131,0.002896456057023184,1.1363905504638074,0.9994213475900537
132,0.002916767260781033,1.1295096056134093,0.99936109196906
133,0.0029264325937986666,1.1443698406219482,0.9993831842553382
134,0.002771583840013573,1.1256255752900068,0.9994280829149134
135,0.0027648026931702215,1.1307651201883953,0.9994237154137855
136,0.0027892512963244727,1.1235262950261433,0.9994077039699928
137,0.002787469402320829,1.1274304506825465,0.9993746829967872
138,0.0026728368670150054,1.1234391810847264,0.999431804114697
139,0.0028413859237095013,1.1196217443428786,0.9994380555900872
140,0.0028128297794062424,1.1055632315429986,0.999407058837367
141,0.002859004885049573,1.1245901526189317,0.9993586201293796
142,0.0029059980434420355,1.1206541856129963,0.9993542070482292
143,0.002934481147402788,1.1215345555660772,0.9993114506497103
144,0.0031145680535986436,1.1290880184547574,0.9992898574062422
145,0.0028000988189459722,1.1335351256763233,0.9993158380190531
146,0.0029913705714302613,1.1179160277048747,0.9993106126785278
147,0.0029785889269345824,1.130453717474844,0.9993127268903396
148,0.0034181910165238614,1.1208931067410637,0.9992535616837296
149,0.002839745825850496,1.12325012216381,0.9993462363878886
150,0.002558587456815967,1.111339195101869,0.9994145211051492
151,0.0021625025718308545,1.0861242635577333,0.9995636741320292
152,0.0021687717332194247,1.062925801557653,0.9995333213432163
153,0.002085450066563984,1.0475200730211593,0.9995854298273722
154,0.0020489993473222735,1.039620765283996,0.99962451060613
155,0.0020906468122905376,1.0347377283900392,0.9996099530481825
156,0.0020412167570754594,1.0402723457299026,0.9995942443024879
157,0.0019893360383552955,1.0348762519219343,0.9995809781785104
158,0.0019480511169497144,1.0338678628790612,0.9996119550630158
159,0.0020718158179364515,1.0375774514441396,0.9995728403914208
160,0.0020245024660492644,1.0347675517493604,0.9995604040575963
161,0.002040961373816518,1.024393433449315,0.9995431841588488
162,0.0019544345148674704,1.0392460811371897,0.9996176525658252
163,0.001961940628996886,1.017793308286106,0.9996007260154275
164,0.001962417606538271,1.0080570181210835,0.9996147681685055
165,0.002068522249293678,1.025416096051534,0.999540927363377
166,0.0020333250445843326,1.0130620470233993,0.9995828329348097
167,0.001924967497139804,1.023024251648024,0.9995974349040612
168,0.001960023892952093,1.0248966111856348,0.9995783754423553
169,0.0018702898147132468,1.0207048128632938,0.9995895413791432
170,0.0019436583571209043,1.0152676853479123,0.9995938212263817
171,0.0018998556747557777,1.01887252517775,0.9995858330352634
172,0.0019563364798623117,1.0231057428846173,0.9995460814120722
173,0.00195811951861662,1.0171918272972107,0.9995795394860062
174,0.0019042172204410913,1.0080059579774445,0.9996151480020261
175,0.0019508543876273667,1.0007607025258682,0.9995708360391504
176,0.0018928499422127417,1.0044096614800246,0.9995952003142413
177,0.0019359016293367627,1.0031415259136873,0.9995730110243255
178,0.0019187444738824578,1.0167032562050164,0.9996044869516411
179,0.001999888588519146,1.0027509951124005,0.9995733967014387
180,0.0018908008145551909,1.0018006913802202,0.9995921219096464
181,0.0016973746093629184,1.0027887038156098,0.9996152648738786
182,0.001719494341123922,0.9848038145140106,0.9996370497871848
183,0.0015749529919440986,0.9745902687895531,0.9996645707710117
184,0.0016683991199505387,0.9735306641634773,0.9996679881039787
185,0.0015434377733161491,0.97031597997628,0.9997099240620931
186,0.0014945672809000255,0.9634871821777493,0.9996939441737007
187,0.0016004193765933022,0.9626886213527006,0.9996732496747783
188,0.0015533504717727647,0.9498881522346946,0.9996744698169184
189,0.0014888028153127023,0.9633880619909249,0.9997169819532656
190,0.0015008906758499935,0.9558096551427654,0.999692912195243
191,0.0015499230608910176,0.9506140888905993,0.9996691790281558
192,0.0014992831274867058,0.9479379653930664,0.999691367149353
193,0.0014243625930747857,0.9536391379786473,0.999705903670367
194,0.0014583970700828906,0.9485918937944898,0.9996799464319267
195,0.0015327325296204757,0.9458606301569471,0.999659424903346
196,0.0014471089873718574,0.9463456997684404,0.999691834636763
197,0.0014573720229022643,0.9341469897943384,0.9997359525923636
198,0.0014654372022121999,0.9486123627307368,0.9996884675586925
199,0.001552768417990164,0.9442626062561484,0.9996630794861737
200,0.0015461553178051962,0.9371938810629004,0.9996930816594292
201,0.0014765829563496962,0.9539491943284577,0.9996710127475215
202,0.001508978202336413,0.9523679403697743,0.9996713925810421
203,0.0014590645304826252,0.9370731138715557,0.999692742731057
204,0.0015166685802350734,0.9377732463911468,0.9996766810323677
205,0.0012969543344761227,0.93778442401512,0.9997247983427608
206,0.0013927431804511476,0.9356542790637297,0.9997175557940614
207,0.001372823061412383,0.9265852687405605,0.9997224819426443
208,0.0013887839866619483,0.9189755858159533,0.9996838628077039
209,0.0013267276466221495,0.9200000283764858,0.9997161767062019
210,0.001282481983413591,0.9161741850422878,0.9997551067202699
211,0.0013296333205539222,0.9154729130221348,0.9997540817541235
212,0.0013760193730430568,0.9263671402837715,0.999711786999422
213,0.0013044692493756028,0.9280598876523036,0.9997351625386406
214,0.0012713153344378167,0.914040116702809,0.9997753278881896
215,0.001330808403116523,0.9144184951688729,0.9997346821953269
216,0.0012840820389671945,0.9056791289179933,0.99973471141329
217,0.0013711608206743702,0.9080252320158715,0.9997261657434351
218,0.001242640499007322,0.9151045306056154,0.9997426902546602
219,0.0013113260022638476,0.9186148351314021,0.9997362003606909
220,0.00124457198784084,0.9076801935831705,0.9997586572871489
221,0.0012623517330069387,0.9085707968356562,0.9997310965668922
222,0.0013144135705706681,0.9012229688027326,0.9997307202395271
223,0.0013272079614027605,0.906365803643769,0.9997313525162491
224,0.0013453081346062176,0.9070006889455459,0.9997077794635997
225,0.0012685529175488388,0.9032882510447034,0.9997342824935913
226,0.0012963312420099244,0.8983543655451607,0.9997339272031597
227,0.0012531088021419505,0.9060009390700097,0.9997346015537486
228,0.0013390546345024132,0.9021707831644544,0.9997141384610942
229,0.0011976660804494338,0.9035888641488319,0.9997376694398767
230,0.0013543244738898734,0.8909776748395434,0.9997348808774761
231,0.001320729653040568,0.9021443607760411,0.9997224083133772
232,0.0011169908330867103,0.9058985710144043,0.9997713939816344
233,0.0012529487710208724,0.8951007361505546,0.999729851881663
234,0.0012281223721847887,0.8985003571884305,0.9997575610291725
235,0.0013391791463957406,0.8992352345410515,0.999715854139889
236,0.0012283857139147015,0.9021300463115468,0.9997545807969337
237,0.001225886141707865,0.891180157661438,0.9997505463805854
238,0.0012694682216034363,0.8896185592109082,0.999748099083994
239,0.0013103777834889935,0.8887293607580895,0.9997336654102101
240,0.001135466513041334,0.9044687315529468,0.9997425126094445
241,0.0012104130948108493,0.8943932605724708,0.9997535102507648
242,0.0012564103372449823,0.8923168018752453,0.9997447670674792
243,0.0011726484711592395,0.8919855215970207,0.9997779072499743
244,0.00123615541915391,0.8882655863668404,0.9997202157974243
245,0.001111814891462963,0.8888014169300303,0.9997651939298592
246,0.0012324261364947055,0.883975487129361,0.9997584539301255
247,0.0011380338475254236,0.8820260657983667,0.9997747318417418
248,0.001231581413223609,0.8832979354203916,0.9997376858019361
249,0.0010748372433761902,0.8854330707998836,0.999775233221989
250,0.0011900710815098137,0.8775661143602109,0.9997593281315822
251,0.0011608201540166548,0.8775661003355887,0.9997532589762819
252,0.0011380940496547184,0.8774159001369103,0.9997559365104226
253,0.0011913463811152707,0.8763558887967876,0.9997637961425033
254,0.0011286688466355496,0.878873419527914,0.9997749994782841
255,0.0012266541849456582,0.8724836449997098,0.9997630656934252
256,0.0011749311062671682,0.8730318674854204,0.9997821835910573
257,0.0011411036904581695,0.8725787938809862,0.9997824570711922
258,0.0011653496676088109,0.8789495592023812,0.9997585801517263
259,0.0011767718151175215,0.8704081411455192,0.9997709089634466
260,0.0011164764057634874,0.8715189753794202,0.9998068914693945
261,0.0012007302863696846,0.8681639386158363,0.9997611571760738
262,0.0010986646817650134,0.8689709609630061,0.999785557681439
263,0.001207942091722918,0.8690611217536178,0.9997496967222176
264,0.0011233358236495405,0.8714433686406005,0.9997698921783298
265,0.0010519183341267647,0.8723956393260582,0.9998060102556267
266,0.0010187611743972143,0.870115243921093,0.9998164188628104
267,0.001177862914868028,0.8703566485760259,0.9997393301889008
268,0.001127819914722304,0.871412431492525,0.9997738938705594
269,0.0010628684717184846,0.8677365686379227,0.9997829128714169
270,0.0011948468608726911,0.866208226073022,0.9997405561746335
271,0.0012012548121514127,0.8729566908350178,0.999742887768091
272,0.001055536966305226,0.8726561490227195,0.9997772936727486
273,0.0011318089867321153,0.86915256579717,0.999795234670826
274,0.0011053020260114149,0.8690590367597693,0.9997944177365771
275,0.0011223694537857583,0.8719818603758719,0.999798039595286
276,0.0010896556070257052,0.8694033459121105,0.9997987840689865
277,0.0011137443493056459,0.8715925614039103,0.9997754552785088
278,0.0011449108623862996,0.8682725219165578,0.9997720695009419
279,0.0010198390102196559,0.8666347218494789,0.9998055451056537
280,0.0011010943163259357,0.8651704940141416,0.9997913673812268
281,0.00110803748590543,0.8640981176320244,0.9997846414061153
282,0.0011036948851017537,0.8650084687214271,0.9997675266920352
283,0.0010178116510859599,0.864571796912773,0.9997947473152011
284,0.001168892604718898,0.8635136414976681,0.9997270913685069
285,0.0010670511549630878,0.8649432016353981,0.9997868818395278
286,0.0011462233555457537,0.8644914463454602,0.9997791192110848
287,0.0010976295549577724,0.8642535291466058,0.9997848073641459
288,0.0010438481820564643,0.8660902193948334,0.9998062930855096
289,0.0010077647149206743,0.8627029517117668,0.9998237841269549
290,0.0011453629732725448,0.8600728523497488,0.9997647813722199
291,0.001148907463157586,0.8634027604963265,0.9997722962323357
292,0.0010904684895649552,0.8637423164704267,0.9997775239102981
293,0.0011678777410256147,0.8641164454759336,0.9997436275669173
294,0.0010574809406820101,0.8623287829698301,0.9998091739766738
295,0.0010479749574134236,0.8590429156434303,0.9998038259207034
296,0.0011251085231254133,0.8602905425370908,0.9997760197695564
297,0.001105574629607373,0.8604051237012825,0.999777708567825
298,0.00110007123108588,0.8595415003159467,0.9997810207161248
299,0.001142103666686179,0.8586513248144412,0.9997879944595636
300,0.0010291871103439846,0.858179696634704,0.9998288657151017
301,0.0010652644850779325,0.856751912949132,0.9997893618602379
302,0.0011620714983163292,0.8583182061419767,0.9997451083332884
303,0.0009747734818351912,0.8578166190315696,0.9998224658124587
304,0.0011300403344006661,0.8588534102720373,0.9997675547412798
305,0.0010637495627937217,0.8587208062994713,0.9997760688557344
306,0.0010699122081574636,0.8585177578178107,0.9998138617066776
307,0.0011154090787064942,0.8584823187659768,0.9997667752060235
308,0.0011442931415741424,0.8589829568769417,0.9997863465664434
309,0.001094641793957528,0.8592954464987212,0.9997784845969256
310,0.001125942866600977,0.8580691872858534,0.9997402008842019
311,0.0011083417031092242,0.8584616815342623,0.9997899789436191
312,0.0010129575789951737,0.8576961895998787,0.999812989842658
313,0.0011853619835878193,0.8579358271524018,0.9997482755604912
314,0.0011136385637298956,0.8579690468077567,0.9997644821802775
315,0.0010305772177126333,0.8595642716276879,0.9998149743267134
316,0.0010437492084890312,0.8583198376730377,0.999777265623504
317,0.0010667166127092845,0.8600512614437178,0.9997978876618778
318,0.0009784189374733936,0.8595699609494677,0.9998264791918736
319,0.0011055576318290596,0.8589204970528098,0.9997524607415292
320,0.000975519741141219,0.8582200337858761,0.9998285150995442
321,0.0011325220037571282,0.8573662685412987,0.9997869461190467
322,0.001101564836811603,0.8573057043786142,0.9997839319939706
323,0.0011456085816390958,0.8575663741897134,0.9997541109720866
324,0.001054224692851159,0.8587175408999125,0.9997870688344918
325,0.0010491051846959938,0.8577525779312732,0.9997924659766403
326,0.0010091573862797197,0.8568941284628475,0.9998404500531215
327,0.0010320351706753833,0.8574178803200815,0.9998193418278414
328,0.001023018800575907,0.8575414197117674,0.9998068949755501
329,0.001092708482995958,0.8565878225307838,0.9997662469452503
330,0.0010935722184869663,0.8566673900566849,0.9997763353235581
331,0.0010939396263839787,0.8574994860910902,0.9997697110269584
332,0.0011330072827381537,0.8573303608333364,0.9997603168674544
333,0.0010978460691951435,0.8576167354396745,0.9997508677781797
334,0.0010177503698322848,0.8578725983114803,0.9998045096210405
335,0.0010788077442888536,0.8581103121533113,0.999774340321036
336,0.0010492459005749255,0.85792242195092,0.9998056806770026
337,0.0010239335647829826,0.8580271496492273,0.9998181286980125
338,0.0011287093289223883,0.8568605652042464,0.9997959253834743
339,0.0010332366241616946,0.8569125170801201,0.9997976726176692
340,0.0010659533527716265,0.8571188753726435,0.9998039334428077
341,0.0011123679201666486,0.857851554365719,0.9997576416707507
342,0.0010958059169306402,0.857397732781429,0.9997802890983283
343,0.0010119200103194908,0.8579690842067494,0.9997974447175568
344,0.001122897829833057,0.858357893485649,0.9997709311690985
345,0.001076071852973352,0.8569442150639552,0.9997781748865165
346,0.001032991194983433,0.8581544640017491,0.9998010595639547
347,0.0010722466098491614,0.8573082124485689,0.9998132831910077
348,0.0009814826200953593,0.8576430175818649,0.9998252052886814
349,0.0010994327843517942,0.8576185317600474,0.9997757544704512
350,0.0010653875811555075,0.8575505193542031,0.9997898936271667
351,0.0011617757297833176,0.8570399401234645,0.9997576627076841
352,0.00110951052035899,0.8571282590136808,0.9997815185902166
353,0.0010204486190524026,0.8577927000382367,0.9998046183118633
354,0.0009773927404061326,0.8570167317109949,0.999812524692685
355,0.0011269501421837975,0.8570104124499303,0.9997764288210401
356,0.0010473056999948242,0.8577801094335669,0.999814955627217
357,0.001038960735861431,0.8576169960639056,0.9998189479696984
358,0.001059128849210181,0.8575974153537377,0.9997864517511106
359,0.001073423184125739,0.8572629655108732,0.999805258769615
360,0.0011311959048422675,0.8576377875664655,0.9997715611083835
361,0.0010475663516177412,0.8568729828385746,0.9998068470580905
362,0.0010650868438567746,0.8584689053834653,0.99977567616631
363,0.001118968072571043,0.8564003694291208,0.9998027623868456
364,0.001143342501474727,0.8578080453124701,0.9997700569676418
365,0.0011239068744722388,0.8573467813286126,0.9997753991800196
366,0.0009726189012986188,0.8573109986735326,0.9998181310354495
367,0.0010516397865014333,0.8580210758190528,0.9997786961349786
368,0.0011192944834428821,0.8583159633711273,0.9997528183693979
369,0.0010535208309781464,0.857543544442046,0.9997998148787255
370,0.0010554918975971056,0.8567570249239603,0.9998127023379008
371,0.0011056656441331713,0.858236034711202,0.9997551990490333
372,0.001074151247831098,0.857534290528765,0.9997955233443017
373,0.0010984353241784608,0.858227836150749,0.9997657514085957
374,0.0010857498010748304,0.8565080282734889,0.9997826253666597
375,0.001069855237124013,0.8575197575139064,0.999783060129951
376,0.0011247299599013857,0.8577190544091019,0.9997801546956978
377,0.001049767991336172,0.857403086680992,0.999809766516966
378,0.0011724526092282259,0.8572996702848696,0.9997453829821419
379,0.0011240833406975749,0.8572756706499586,0.9997603636161954
380,0.0011687889009230205,0.8578207142212811,0.9997560802628013
381,0.001012877135437128,0.8578865948845359,0.9997945346084296
382,0.0010458225836319959,0.8571296229081995,0.9998098611831665
383,0.0011356169741381617,0.8576484801722508,0.9997630738744548
384,0.0010817873733364703,0.8572657458922442,0.9997897031260472
385,0.0010375031458405668,0.8572906349219528,0.9998123295166913
386,0.0010550058054208172,0.8571882095991397,0.9998047842698938
387,0.001051639979385643,0.8574622402004167,0.9998166771496043
388,0.0010014708181295324,0.8565796648754793,0.9998013821302676
389,0.0010915507337617158,0.8575056323818132,0.999795114292818
390,0.0011564434001532693,0.8582792247042936,0.9997571087351033
391,0.0010764528940176116,0.8579443436042935,0.9998076336056578
392,0.0010165766420244587,0.8578312163259468,0.9998113676613453
393,0.0010424817252593737,0.8569448122791216,0.9998127631112641
394,0.001034365356306308,0.8580889433038001,0.9998035886708427
395,0.001092661416395476,0.8564140948594785,0.99978193582273
396,0.001003002985859947,0.8576761565956414,0.9998359516555188
397,0.001121804516479446,0.8572030616741554,0.999795958107593
398,0.0010844314089684072,0.8572694986474281,0.9997900595851973
399,0.0011977445660615522,0.8581744537634008,0.9997644097197289
400,0.0009935538788946967,0.8576139527208665,0.9997892333012001
401,0.0010842370341860635,0.8569604251898971,0.9998038902002222
402,0.001098801187860469,0.8578495254703596,0.9997693370370304
403,0.0010701689381818927,0.8567799388193617,0.9997841470381793
404,0.0010160035162698478,0.8580465573890537,0.9998039194181854
405,0.0010415363923290417,0.8574918730586183,0.9998200699394825
406,0.0010996644947833072,0.8574807410146675,0.9997967458238789
407,0.0011266332431285478,0.8577032732028588,0.9997748557259055
408,0.0010301311581404698,0.8574600044418784,0.9997939257060781
409,0.0010951724378209487,0.8578686410305547,0.9997851965474147
410,0.0011403765152756345,0.8570978244145712,0.9997794195717457
411,0.001084195566934296,0.8576036434547574,0.9997854630152384
412,0.0010116059326238053,0.8577125014043322,0.99981408960679
413,0.0010513323416257753,0.8573112265736449,0.9998120174688452
414,0.001026014190203711,0.8575428747663311,0.9997825973174151
415,0.0010714269775038987,0.8577135590945973,0.9997791682972628
416,0.00100355563507251,0.8589655394647636,0.9998332916521558
417,0.0011629908455207066,0.8577048311046526,0.9997919470656151
418,0.0011563913596510961,0.857462463425655,0.9997529913397396
419,0.0011026483941047143,0.8571929242096695,0.999779649809295
420,0.0010871030527221806,0.8571572292084787,0.9997532402767855
421,0.0009558647562859251,0.8572895947624656,0.9998450594789842
422,0.0010806405368973227,0.8576038573302475,0.9997881896355573
423,0.001080907167360077,0.8575482917766944,0.9997792921814264
424,0.000999031223210634,0.8579127332743477,0.9998296136949577
425,0.0009600706444140159,0.8573915257173426,0.9998353684649748
426,0.0011290578889505316,0.8570622556349811,0.9997388066030016
427,0.0011464565108968493,0.8579010040152306,0.9997556104379541
428,0.0010866441081424116,0.8570263958444783,0.9997858486923517
429,0.0010436349656825483,0.8572170465600257,0.9997954380278494
430,0.0009430435984897628,0.8572107728789834,0.9998366762610043
431,0.0010331822479344613,0.8570829349405625,0.9998199752732819
432,0.001107507730564833,0.8568977783708012,0.9997593596869824
433,0.0009844218884074293,0.8572205141478894,0.9998303686871248
434,0.0011157660982480237,0.8575213329464781,0.9997796977267546
435,0.001141248630957824,0.85712964628257,0.9997591189309663
436,0.001041361194117652,0.8578508601469153,0.9998001093957939
437,0.0010183537835437878,0.8576225603328032,0.9998073425947451
438,0.0012223374517406245,0.8569057572121713,0.99973891879998
439,0.0010708316854730832,0.8578395247459412,0.9997754330728569
440,0.0010417687327728845,0.8582431241577747,0.9997963040482765
441,0.0010851173714150255,0.856893074278738,0.9997807343800863
442,0.0010280719069152267,0.8577062943402458,0.9997852888761782
443,0.0010511022301929473,0.8575454599717084,0.9998011834481183
444,0.0011802806334076997,0.8578630089759827,0.9997354675741756
445,0.0011179261719899288,0.8571511004485336,0.9997521954424241
446,0.0009601897190270178,0.8571564426609114,0.9998381932576498
447,0.0010622785022646626,0.85760537666433,0.9997742503297096
448,0.0010824583570116803,0.8578430320702347,0.9997857785692402
449,0.001059657470642717,0.8573127073400161,0.9997869017077428
450,0.0010418636614785476,0.8568760074821173,0.9997914795782051
451,0.001093780282912228,0.8574704422670252,0.9997968533459831
452,0.001144032832919894,0.8573149559544582,0.999770415764229
453,0.0010017964939869866,0.8572230409173405,0.9998064894302219
454,0.0010375041051256452,0.8575697587985619,0.9998010221649619
455,0.0010218962801017745,0.857365280974145,0.9997969947609247
456,0.0010120413162261613,0.8574596304519504,0.9997937866285735
457,0.0010074803516652215,0.856922937374489,0.9998233481949451
458,0.001049298886666257,0.8573705787752189,0.9998141258370643
459,0.0011009280524198332,0.8567229088614968,0.9997859725765154
460,0.0011298773038730609,0.8579912349289539,0.9997538468417
461,0.0010347366949324222,0.8580440586688471,0.999803762809903
462,0.0011412436096910753,0.8573926745676527,0.9997656240182764
463,0.0010267239122185856,0.8568992381002388,0.9997886290737227
464,0.001214373086387401,0.857282398962507,0.9997469619208691
465,0.0011381541810217587,0.8574367574616975,0.9997939911543154
466,0.00108993458721385,0.8568850299891304,0.9997870723406473
467,0.0010576346539892256,0.8575872662020665,0.9997901039965013
468,0.0011297850675570469,0.8578246703334883,0.9997806549072266
469,0.0010933951736090011,0.8567527357269736,0.9998030861218771
470,0.0011354869678981748,0.8580670754114786,0.9997646177516264
471,0.0010408271496713745,0.8579412944176618,0.9997878495384666
472,0.001027822718206866,0.8576151880563474,0.99982955642775
473,0.0010701319106909283,0.8570688495448991,0.9997981693230423
474,0.0010620151148816826,0.8572327097256979,0.9997693136626599
475,0.0010612539127560368,0.8568896733078302,0.9998021488096199
476,0.0009416578669676228,0.8575654988195381,0.9998304855589774
477,0.0011023582169311303,0.857470802232331,0.9997543178352655
478,0.0010414092582376564,0.8575501290022158,0.9997908473014832
479,0.001145645853944634,0.8572188288557763,0.9997526290369969
480,0.0011189825982357577,0.8573974207335827,0.9997926003792706
481,0.0011255506668057219,0.8568112698255801,0.9997953936165455
482,0.0010854477518210735,0.8566900269657958,0.9997822490392947
483,0.0010374875536060654,0.8572125458249858,0.9998124452198253
484,0.0011334509540842298,0.8576383754318836,0.9997777483042549
485,0.001069633596617838,0.8571329829739589,0.9997824781081256
486,0.0011169922437664925,0.8569161319265178,0.9997819568596634
487,0.0010052395518869162,0.8576830158046648,0.9998043202886394
488,0.0010654760687840263,0.8571992458081713,0.9997865721291187
489,0.001077067568628848,0.8573666623994416,0.999784157556646
490,0.001033523399611095,0.8579655909070781,0.9997911967483222
491,0.0011303244534122082,0.8564995971380496,0.9997682442852095
492,0.0009703405513017275,0.8573049832792843,0.9998330918012881
493,0.0011136725912436697,0.8573242367482653,0.9997635004567165
494,0.001075996690904539,0.8580790734758564,0.9997801745639128
495,0.001072899690673997,0.8575554735520307,0.9997896014475355
496,0.0009830807559374794,0.8570202390352885,0.9998072455911076
497,0.00107108678796566,0.8570965189559787,0.999800441311855
498,0.001037943426305063,0.8574368719961128,0.9997892017458
499,0.0011560776506039296,0.8573402049494725,0.9997707348243863
500,0.0010576342465355992,0.8576212630552404,0.9997807121744343
501,0.0010774308340806588,0.8568953486049876,0.9997977965018329
502,0.0011185558088233367,0.8569225844214944,0.9997724843960182
503,0.0009990813422893338,0.8573747546065087,0.999802010900834
504,0.0010560280004260586,0.8574526017787409,0.9998056608087876
505,0.0010081909211151594,0.8578435533186969,0.9998050600874657
506,0.0011631933465490445,0.857771100951176,0.9997508257043128
507,0.0011386947658406023,0.8567931161207312,0.9997684312801735
508,0.0009750001983917958,0.8569164696861716,0.9998043202886394
509,0.0010244814289834204,0.85692104288176,0.9997883813053954
510,0.0010027125849863332,0.857202526401071,0.9998064239819845
511,0.0011422183437674654,0.8578130672959721,0.9997734848190757
512,0.0009348003328412625,0.8572011496506485,0.9998279342464372
513,0.001086320957470247,0.8575124541918436,0.9997836690323025
514,0.0010383009046599195,0.8571792513716454,0.9998043354819802
515,0.001102441824817409,0.8576925770909178,0.9997576662138397
516,0.0009947228473702482,0.8567230362518161,0.9998172638463039
517,0.0010897114635536483,0.8573032056584078,0.9997917320214066
518,0.0010561188825579616,0.8573038788402781,0.9998165369033813
519,0.0010665766546712713,0.8569410992603675,0.9997866597830081
520,0.0010941049492662297,0.8585293830609789,0.9997764159651363
521,0.001017191785150299,0.857268352134555,0.9997817125974917
522,0.0010932846178583727,0.8573324750451481,0.9997779586735893
523,0.0011053602781840692,0.8564750680736467,0.9997878413574368
524,0.0011530978532106268,0.8577736709632126,0.9997606242404264
525,0.001183367167672544,0.8574453674110711,0.9997424611858293
526,0.0010055151503240945,0.8570279923139834,0.9998025087749257
527,0.0010289409022102608,0.8569848023208917,0.9997710924522549
528,0.0010838187613533628,0.8578709971671011,0.9997666922270083
529,0.001154023483418403,0.8581859469413757,0.9997673630714417
530,0.0010351469516571537,0.8562868284244164,0.9997973208333931
531,0.0010864748745042757,0.857562965037776,0.9997826756215563
532,0.00103946768407089,0.8571721981553471,0.9998148855041055
533,0.0010445679152183526,0.8568976381245781,0.9998031013152179
534,0.0010655749002562872,0.8574364489200068,0.9997962035384833
535,0.0010665847284162381,0.8579397914456386,0.9997940647835825
536,0.0010764448876109194,0.8571237068550259,0.9997859445272708
537,0.001127220190349309,0.8567645584835726,0.9997612705417708
538,0.0010938238142533046,0.8569568816353293,0.9997806175082338
539,0.0010626260921651242,0.8565032002972621,0.9997738611464407
540,0.0010454735556599119,0.8575232905500075,0.9998128788143981
541,0.0010184183763568382,0.8583771644854078,0.99982336806316
542,0.0011340117854677944,0.857318755458383,0.9997707336556678
543,0.001158675415710747,0.8577736101898492,0.9997665531495038
544,0.001114243835521241,0.8568810446589601,0.9997907327670678
545,0.0010598445443582593,0.8577677677659428,0.9998108440754461
546,0.00105736624933414,0.8567644731671202,0.999781561832802
547,0.0012196080288941077,0.8580188751220703,0.9997575645353279
548,0.0011097909312001338,0.8581059575080872,0.9997866118655485
549,0.0010677650633642414,0.8567535211058224,0.9997753886615529
550,0.001096381130171757,0.8574879975879893,0.9997789626028023
551,0.0011914812117431533,0.857347213754467,0.9997822630639169
552,0.0010472510361532663,0.8568210590119455,0.9998114296034271
553,0.0010551051841592234,0.8568605149493498,0.9998011904604295
554,0.00100563869380173,0.8576629746193979,0.9998012079912073
555,0.0010488222269843534,0.8575786796270632,0.9997834902183682
556,0.0011118810461815812,0.8575388730741015,0.9997740259357527
557,0.0010204722348134965,0.8576740225156149,0.999813508753683
558,0.0010122559027627622,0.8580415751419815,0.9998009987905914
559,0.0009902880564742885,0.8563048196773902,0.9998146564352746
560,0.0010672091710719042,0.8573349550658581,0.9997669025963428
561,0.0010422566413705913,0.8572562862845028,0.9998007159607083
562,0.0010881392843336524,0.8566653728485107,0.999768127413357
563,0.000953994009999887,0.8572885733024747,0.999816493660796
564,0.001062297747315218,0.8569479128893684,0.9997899953056785
565,0.0010699524079659478,0.8566462607944713,0.9997763855784547
566,0.0009862318687487905,0.8572952572037192,0.9997856009240244
567,0.001073326983411486,0.8571328988262251,0.9997863360479766
568,0.00101327956209014,0.8573520545865975,0.9998156451711467
569,0.001034556793884429,0.857570166681327,0.9998166000141817
570,0.0010735752579171722,0.8574065858242559,0.9997979577849893
571,0.001136737954962597,0.8577392744083031,0.9997303672865325
572,0.0009454364771954715,0.8574936097743464,0.9998241709727868
573,0.0010727641729674504,0.857982175022948,0.9997734906626683
574,0.00113657077514183,0.8568720104647618,0.9997589260924096
575,0.0011004291488515103,0.8569511782889273,0.9997593012510562
576,0.0011310577757802664,0.8577605193736506,0.9997725545191297
577,0.0011054460717109488,0.857003041342193,0.9997717177166658
578,0.0010041467475650065,0.856967917844361,0.9998046931098489
579,0.0009630964264301036,0.8568583656759823,0.9998208868737314
580,0.0011267101034914673,0.857292088807798,0.9997589962155211
581,0.0010424254099181032,0.8580156179035411,0.9997907853594014
582,0.0010989246109281393,0.8573428602779612,0.9998032859727448
583,0.0010766667700783513,0.8572994961458094,0.9997854361347124
584,0.0010359927551939572,0.8571558033718782,0.9998043471691656
585,0.001033057634463059,0.8583748165298911,0.9997944995468738
586,0.0010392245249914041,0.857205936721727,0.9998029832746468
587,0.001067974576133066,0.857676224381316,0.9998061493331311
588,0.0010319113139035728,0.8579064899799871,0.9997749690916024
589,0.0010698041701735015,0.8571234006507724,0.9997891409724367
590,0.0010942596115865837,0.8567866636257545,0.9997847769774643
591,0.0010974034644188541,0.8573721133026422,0.9997733293795118
592,0.0010366361273233505,0.8570982089229658,0.9997961018599716
593,0.001098097273486429,0.8568195794142929,0.9997853625054453
594,0.0010259148639663325,0.856796430606468,0.9998176273177651
595,0.0010068419985199237,0.8576548976056716,0.9998114109039307
596,0.001042921476148288,0.8576735854148865,0.9997703210980284
597,0.0010059277444858762,0.8567745147966871,0.9998101662187016
598,0.0011546707103786734,0.8576864272940392,0.9997808161903831
599,0.0010887320797123453,0.8574085200534147,0.9997643150535285
600,0.0010582571426936077,0.857764812076793,0.9997721139122459
601,0.001066799059866325,0.8576829456815532,0.9997963519657359
602,0.001044323969764781,0.8573667804400126,0.9998114038916195
603,0.0009480774283920433,0.8578156057526084,0.999826524771896
604,0.0010126346326204856,0.856885222827687,0.9998192845606336
605,0.00099868538296398,0.8571259145643196,0.9998005897391076
606,0.0010820741128340801,0.8570260218545502,0.9997703304477766
607,0.0010310424915195315,0.857519692065669,0.9998210107578951
608,0.0012374852256685058,0.8563957623406953,0.9997269511222839
609,0.001116114609769783,0.8574670938884511,0.9997555777138355
610,0.001127500689643271,0.8571036960564408,0.9997902676170948
611,0.0011738785976251843,0.8570196406514037,0.9997551943741593
612,0.0010827377201149276,0.8574405125543183,0.999775184135811
613,0.0010808370710697537,0.8575029735471688,0.9997933588775934
614,0.001043791721766705,0.8573422233263651,0.9997986309668597
615,0.0010699569487341626,0.8570381963954252,0.9997776279262468
616,0.0011138802390846917,0.857262506204493,0.9997705501668593
617,0.0010773167339400115,0.8571726130504235,0.9998193593586192
618,0.0010939005890167226,0.8573408278764463,0.9998008375074349
619,0.0011483535761762336,0.856777076627694,0.9997599615770227
620,0.0010230046281518013,0.8571901449970171,0.999802033106486
621,0.0011461204244280416,0.8567911853977278,0.9997754260605457
622,0.001041888561802825,0.8576087542608672,0.9997889960513395
623,0.0010335574145702755,0.8574062340399798,0.999815957218993
624,0.0010590645765392657,0.8573484444150737,0.9997978093577367
625,0.0010793706215005002,0.8575273740525339,0.9997905153854221
626,0.001070699601447867,0.856645265046288,0.9997874615239162
627,0.0010853152740381512,0.8576003850675097,0.9997805345292184
628,0.001144030732308131,0.8577362287278268,0.9997693709298676
629,0.0010906898921045165,0.8566823905589533,0.9997769302012873
630,0.001149418202283628,0.8570669842701332,0.9997699167214188
631,0.0010808128795093473,0.8584812669193044,0.9997924706515144
632,0.001177610376365848,0.8573093262373233,0.9997376402219137
633,0.0010542060635463498,0.8575161753916273,0.999793249018052
634,0.0010775808317988527,0.8569831322221195,0.9997703152544358
635,0.0010086852336968935,0.8571242257660511,0.9998275100016126
636,0.00102947548650406,0.8577083162232941,0.9998013166820302
637,0.0011291381755761582,0.8576925198237101,0.9997635495428946
638,0.0010672645476719766,0.8563232281628776,0.9998238215259477
639,0.0010790470736466494,0.8573329530510247,0.9997925851859298
640,0.0010094020901448733,0.8569838603337606,0.9998208962234796
641,0.0010166358158184105,0.8574665106979071,0.9998197987967846
642,0.0010827009374385372,0.8570539098159939,0.9997876309881023
643,0.0010320403083574538,0.8573809721890617,0.9997967843915901
644,0.0011557580266312202,0.8574011489456775,0.9997463296441471
645,0.0010192248885811982,0.8573210671836254,0.9997882761207282
646,0.0010570410608231801,0.8575048984265795,0.9997663778417251
647,0.0011353754334599145,0.8567717870076498,0.9997807752852347
648,0.0009369719077321683,0.8570161286522361,0.9998612637613334
649,0.0011052493480782882,0.857377782756207,0.9997608790210649
650,0.0010022783084708614,0.8565049276632422,0.9998158345035478
651,0.001035761869370974,0.8569314222709805,0.999803275454278
652,0.001122863048473008,0.8569743294341892,0.9997677358926511
653,0.001118707342767248,0.856599487510382,0.9997844567485884
654,0.0011167275929348725,0.8574179901796228,0.9997861946330351
655,0.001003669466430723,0.8579174163294774,0.999789742862477
656,0.001009069590295172,0.8569067108864877,0.9998187130572749
657,0.000998383440424268,0.8574530821220547,0.9998183098493838
658,0.0012714070697114163,0.8566152278114768,0.9997389106189504
659,0.0011170728088758302,0.8573606037626079,0.9997827971682829
660,0.0011680378069571567,0.8575120626711378,0.9997670194681954
661,0.0010772301694469562,0.8563641017558528,0.999799038849625
662,0.0011884975481057064,0.8576154066067115,0.9997515409600501
663,0.0010260196274840365,0.8573043287969103,0.9998087018143897
664,0.001044430571959774,0.8572125166070228,0.9997784355107475
665,0.0011394677778441167,0.8568251436831904,0.9997846425748339
666,0.0011699883879034542,0.8571161814764434,0.9997574137706383
667,0.0011021333858462086,0.8567512245739207,0.9998083547049877
668,0.0010680305388043908,0.8568563718421787,0.9997666256100524
669,0.0011752368437181063,0.8570552374802384,0.9997382058816797
670,0.0010145195307867492,0.8571324944496155,0.9998064356691697
671,0.0011890187628987227,0.8579127846979627,0.9997616503752914
672,0.0010696605564661178,0.8576231517043769,0.9997978771434111
673,0.0011903276591671303,0.8569299999405356,0.9997537171139437
674,0.0010105565261077502,0.8573995419577056,0.9998172194349999
675,0.001082131729287771,0.8574530716035881,0.9997803896081214
676,0.0011375763992249382,0.856614914594912,0.9997935470412759
677,0.0011070776815234008,0.8566479308932435,0.9997665917172152
678,0.0011141414956107516,0.8569405604811275,0.9998002975594764
679,0.001007389264665179,0.8573353278870676,0.9998209324537539
680,0.0010283853694358293,0.8571716979438183,0.9998097361302843
681,0.0010884749901700107,0.8571274163676244,0.99975812552022
682,0.001028987774214543,0.8572351558535707,0.9998030136613285
683,0.0011318686946669558,0.8571884503551558,0.9997836818882063
684,0.001158024238048158,0.8579380278493843,0.9997461730358648
685,0.0011205111645098192,0.8576668559336195,0.9997775028733646
686,0.0009728541195976968,0.8575056767931172,0.9998286074283076
687,0.001109509715153014,0.8568416705318526,0.9997662165585686
688,0.001079769969995444,0.8569528764369441,0.9998002075681499
689,0.0011435786762055667,0.8569298620317497,0.9997479541628969
690,0.0009884854890497437,0.8567568145546258,0.9998028360161126
691,0.0010612552960439787,0.8578667967927223,0.9997827352262011
692,0.0010608554453652936,0.8572152794576159,0.9997995787975835
693,0.0010374751599395975,0.8565277644232208,0.9997968860701019
694,0.0010711701573146617,0.8573492566744486,0.9998038446201998
695,0.0010083140742590687,0.8572264559128705,0.999825592134513
696,0.001109992830749309,0.8569648078843659,0.9997726047740263
697,0.0010930957277214119,0.8573682600376653,0.9997967236182269
698,0.0010847235229733748,0.8577715696073046,0.9997888558051166
699,0.001140316749133133,0.8574625709477592,0.9997933834206825
700,0.0010038329249558349,0.8573453718540716,0.9997950909184474
701,0.001045486946845902,0.8573954128751567,0.9998051442351996
702,0.0009735806835997923,0.8566667554425258,0.999821800811618
703,0.0011425381309498905,0.8574619608766892,0.9997606370963302
704,0.001103713244482802,0.8567707059430141,0.9997895523613575
705,0.0010464754476047615,0.8570137655033785,0.999804301589143
706,0.0010641764931599883,0.8569741950315588,0.9998093551280451
707,0.001048397962757222,0.8576039648523518,0.9997873656889972
708,0.0010686540119030385,0.8573927785836014,0.9997965237673592
709,0.001114097465509914,0.8575467619241453,0.999753922808404
710,0.001078888829272496,0.8573167394189274,0.999778153849583
711,0.0010334326766942646,0.8575067742198121,0.9998084014537287
712,0.0011212583414425014,0.8571997425135445,0.9997673583965675
713,0.000989868203474793,0.857817319093966,0.999813435124416
714,0.0012226691013019458,0.8574897015795988,0.9997210128634584
715,0.0010089034667722515,0.8571436054566327,0.999812989842658
716,0.0010515130484504078,0.85797593757218,0.9997971607189552
717,0.0010979147182832308,0.8571793530501571,0.9998132341048297
718,0.0010349258909449347,0.8574505179536109,0.9998028804274166
719,0.0011404668524240453,0.8574965911753037,0.9997643501150841
720,0.0011052791367047558,0.8569467535205916,0.9997795165753832
721,0.0011353427527116284,0.8574491540590922,0.9997858393426035
722,0.0012372111246519374,0.8571660460210314,0.9997256070959801
723,0.0010656269584490242,0.8573014817985833,0.9997982277589685
724,0.0010634548140361028,0.8567842210040373,0.9998010420331768
725,0.0010308980800247953,0.856441966458863,0.9998082623762243
726,0.001045493159087046,0.8565060659950855,0.9998134327869789
727,0.0010458205355212604,0.8571095852290883,0.9997998966890222
728,0.0010893623979177838,0.8573629645740285,0.9997834925558052
729,0.0010264886842182308,0.8576108673039604,0.9998037464478436
730,0.0010154096429081012,0.8573411305745443,0.9998110357452842
731,0.0011467727611078789,0.8575666242954778,0.9997802645552392
732,0.0010091678659413376,0.8571275566138473,0.9998061855634054
733,0.0011010983828729129,0.8575877243397283,0.9997943335888433
734,0.0009940155746424389,0.8576020913965562,0.9997817558400771
735,0.0010946219668303634,0.8574143694896325,0.9997813082208821
736,0.0010890185310249672,0.8577019396950217,0.9997802996167949
737,0.0010999684580419139,0.8575794264382007,0.9997692914570079
738,0.0011012138588828784,0.8566901064386555,0.9997818096011293
739,0.0011273478796961262,0.856996567810283,0.9997751666050331
740,0.0010833765086763556,0.8574502199303871,0.9997857458451215
741,0.001008152625039585,0.8575496182722204,0.9998156112783095
742,0.001062541615158575,0.8572419402646083,0.9997810768146141
743,0.0010345959105738894,0.8581965565681458,0.9997827749626309
744,0.001059914992747865,0.8579247079643548,0.9997927043952194
745,0.0010742860282406065,0.8575042170636794,0.9997677569295845
746,0.001029361713353508,0.8570765256881714,0.9997958681162666
747,0.0010904514649654647,0.8573068088176203,0.9997837566861919
748,0.001114958616466645,0.8569957987934935,0.9997616608937582
749,0.0011078595039982569,0.8576613781498927,0.9997686206125745
750,0.0010917430775532243,0.8565018130283729,0.9997878822625852
751,0.0011303004393281013,0.8571799607837901,0.9997866153717041
752,0.0010482038755892026,0.8567756671531528,0.9997768811151093
753,0.0011691275861926888,0.8575070336753247,0.9997813187393487
754,0.0011601946721830423,0.8562772215581408,0.9997501373291016
755,0.001090705649831387,0.8577706100893956,0.9997620839698642
756,0.0010516083018635126,0.8572434490802241,0.9998002402922687
757,0.0010249316492620126,0.8577690743932537,0.9997881475616904
758,0.0010405660552137038,0.8578266980601292,0.9998084633958106
759,0.0009704792846962079,0.8576937236037909,0.9998414387889937
760,0.0010778260509730043,0.8578537609062943,0.9997816892231212
761,0.0010672420681015972,0.8573186268993452,0.9997971209825254
762,0.0011002752460840652,0.8572411128118926,0.9997701948764277
763,0.0010826179287487677,0.8578455015724781,0.9997808267088497
764,0.0009715457192357338,0.8568136879042083,0.9998181438913533
765,0.001205988792707121,0.8575171103664473,0.9997564028291142
766,0.0011005877293463722,0.8576044896069694,0.999771301652871
767,0.0011092688746786878,0.8578607743861628,0.9997783548691693
768,0.0010603004016493465,0.8574525047751034,0.9997797257759992
769,0.0009851352409824875,0.8571242655024809,0.9998246244355744
770,0.0010215449186872837,0.8574390715243769,0.9998120829170826
771,0.0011753992482280249,0.8567712365412244,0.9997690226517472
772,0.0010009953716778946,0.8575976315666648,0.9998205561263889
773,0.0011166024978236093,0.8571905704105601,0.9997802961106393
774,0.0010705500608310103,0.8572185834248861,0.9997933916017121
775,0.0010735430017424126,0.856907419129914,0.9997797666811475
776,0.0010474874180348992,0.8580640367433137,0.9998014487472235
777,0.0010482232764308505,0.8576749352847829,0.9997819276417003
778,0.0010428241141341335,0.8571449062403511,0.9998103941188139
779,0.00109148410139788,0.857659190308814,0.9997447179813012
780,0.0011317122187785,0.8574179621303782,0.999769478451972
781,0.001032911908159982,0.8573714775197646,0.9998214747391495
782,0.0011126566255994725,0.8570244172040153,0.999789787273781
783,0.0010709216539729752,0.8576364505524728,0.9997833032234043
784,0.0010785299516511242,0.8572080696330351,0.9997837262995103
785,0.0011429849181178154,0.8571955783694398,0.9997897942860922
786,0.001092731823697321,0.8568417874037051,0.9997899473882189
787,0.001165211393598321,0.8571978316587561,0.9997617041363436
788,0.0011830021679748361,0.8578456932423162,0.9997461765420204
789,0.001064780713218794,0.8570751279008155,0.9998137834025365
790,0.00108803206924623,0.8568325872514763,0.9998014183605418
791,0.0010370469627007113,0.8577794245645112,0.9998288329909829
792,0.0011197185821776442,0.8570591819052603,0.9997473055241155
793,0.0010536602451739943,0.8566927535861146,0.9997855319696314
794,0.0011105455958065303,0.8569430405018377,0.9997776536380544
795,0.0011744598536204327,0.8571896366044587,0.9997525530702928
796,0.0011200808518219228,0.8568518605886721,0.9997598318492665
797,0.0009804676850691584,0.8574866407057818,0.9998162879663355
798,0.0009409656529040897,0.856851435175129,0.9998393058776855
799,0.001042034018182141,0.8571184102226707,0.9997911581806108
800,0.001159966165455533,0.8578121568642411,0.9997753290569081
801,0.0009828279355276084,0.8579286383647545,0.9998029669125875
802,0.0011349550389009072,0.8576290408770243,0.9997372685694227
803,0.0010486555590486044,0.857629282801759,0.9997999177259558
804,0.000989657014097069,0.8574321293363384,0.9998348133236754
805,0.0010031172982873577,0.8569047661388621,0.9998088993278205
806,0.001026071448280823,0.858197899425731,0.999800869062835
807,0.0010713636624060717,0.857539176940918,0.999788411692077
808,0.0010385559997338728,0.8570754259240394,0.9997983457995396
809,0.0011180220845191941,0.8576087928285786,0.9997811305756662
810,0.001034553496020974,0.8578889218031192,0.9997879617354449
811,0.001126738548776427,0.8570375746371699,0.9997646516444636
812,0.00102906447707438,0.8574452832633374,0.9998141749232423
813,0.0010532783972117684,0.8567733975017772,0.9997828287236831
814,0.0011176640098211447,0.857271157059015,0.9997577924354404
815,0.0010388022272701503,0.857222694976657,0.9998038189083922
816,0.0010460215659501653,0.8569085224002015,0.9997947122536454
817,0.0009593877007764782,0.8564836114060645,0.9998110345765656
818,0.0011140809282569179,0.856695853027643,0.9997522982896543
819,0.0009975447924351138,0.8570728348750695,0.9998269151238834
820,0.0011626503523895699,0.8568925787420834,0.9997600515683492
821,0.0011766631767957233,0.856721936487684,0.9997549255688986
822,0.0011533594407214254,0.8564548340498233,0.9997465481945113
823,0.0010213445331079558,0.8571671901964674,0.9997923409237581
824,0.0010456091230141692,0.8577286086830438,0.9998020927111307
825,0.0009827487171837584,0.8568117267945233,0.9998204976904626
826,0.0011237362438502412,0.8570605867049274,0.9997767361940122
827,0.0011450963456631073,0.8578199533855214,0.9997570479617399
828,0.0010353195790301863,0.8573291535471,0.9997841365197125
829,0.0009869141230250105,0.856842087764366,0.9998248055869458
830,0.0010843784011918686,0.856790564808191,0.9997891725278368
831,0.001076881139192219,0.8569857922254824,0.9997927955552643
832,0.0010536000841324601,0.8574327674566531,0.9998365979568631
833,0.0011057103869925235,0.856759225620943,0.9997919073291853
834,0.0011308118056131563,0.8571466429560792,0.9997664012160956
835,0.0010438790983136963,0.8577618926179176,0.9997878401887184
836,0.001010158539215541,0.8576603438339981,0.9998136197819429
837,0.0011369356373096724,0.8568865189365312,0.9997751175188551
838,0.001113815175474384,0.8580124389891531,0.9997827013333639
839,0.0010719301827324956,0.8575641746614494,0.9997601228601792
840,0.0010834036916540022,0.8568316347458783,0.9997772177060446
841,0.00105584839212836,0.8573818148351183,0.9997929954061321
842,0.0010788363402289356,0.8573032757815193,0.9997882036601796
843,0.0010709354725858087,0.8568130310843972,0.9997880388708675
844,0.0011033022698635857,0.8575596493833205,0.9997815022281572
845,0.0010010547337907494,0.8570211108993081,0.9998036249011171
846,0.001017220999689444,0.8570159708752352,0.9998129688057245
847,0.0010306417568833293,0.8575904252482396,0.999825796660255
848,0.0010906322950533793,0.8574159834899154,0.999784625044056
849,0.0010189864916873037,0.8567458040574017,0.9998278442551108
850,0.0010790338080065947,0.856809746985342,0.9997760887239494
851,0.0011137936711676565,0.8574207658861198,0.9997661066990272
852,0.0009762530920424444,0.8574752340129778,0.9998265107472738
853,0.0012061623325708376,0.8575866257443148,0.9997470635993808
854,0.0011328215278255955,0.8573102191382763,0.9997568971970502
855,0.001048749946765419,0.856786802703259,0.9997779271181892
856,0.0010711953132961165,0.8575483198259392,0.9997844286993438
857,0.0009986641508636668,0.8578890398436901,0.9998295681149352
858,0.0010066019278704463,0.8577154009949928,0.9998133334459043
859,0.0010180204465309634,0.8573503681257659,0.9998277121899175
860,0.001068602968349724,0.8572015318216062,0.999774879100276
861,0.0010474791491230694,0.8573655053681019,0.9998062171188056
862,0.0010509762516948302,0.8569499242539499,0.9997844614234626
863,0.0012337938555991095,0.8578366777476143,0.9997574032521716
864,0.0011143838106791543,0.8575578039767695,0.9997567382513308
865,0.001140344222578421,0.8574830784517176,0.9997833780213898
866,0.0010747489103974373,0.8570855306644066,0.9997725019267961
867,0.001160237681937824,0.8570979669982312,0.9997686591802859
868,0.0010811438106055208,0.856999840222153,0.9998010151526507
869,0.0011248180788813852,0.8570435187395882,0.9997713004841524
870,0.0010517877886099193,0.856837976212595,0.9998177067906249
871,0.0010816493601191277,0.8575876226612166,0.9997783688937917
872,0.0010915546342456603,0.8564432508805219,0.9997671024472106
873,0.0010698669802342705,0.856812903694078,0.999788362605899
874,0.001098934953630555,0.8575050725656397,0.9997534448025274
875,0.0010418626924921922,0.8575373736082339,0.9997995273739684
876,0.0010710223851835027,0.8577737492673537,0.999782056200738
877,0.0010565311805454686,0.8576316541316462,0.9998031691008923
878,0.0011133626936569664,0.8565957300803241,0.9997665636679706
879,0.0010112857693742377,0.8576969410858902,0.9998311377039143
880,0.001007239420455424,0.8572739199096081,0.9997968510085461
881,0.0010688953619797294,0.8561984183741551,0.999775838618185
882,0.0010863040236062278,0.8573862945332247,0.99981114209867
883,0.0010577249899963099,0.857036383712993,0.9997966172648411
884,0.0011131112342791668,0.85747503416211,0.9997929030773687
885,0.001034580484973084,0.8569543303227892,0.9997893805597343
886,0.0010444996975517522,0.8568687263657065,0.9998074010306713
887,0.0010223888766988383,0.8569560389892728,0.999798923146491
888,0.0010140505619347095,0.8572380811560387,0.9997892625191632
889,0.0010966859882304847,0.8570842953289256,0.9997715365652945
890,0.001234076841843917,0.8571247505206688,0.9997295398338168
891,0.0010220242330950557,0.8572371695555893,0.9998051863090665
892,0.0011168607458125288,0.8569350932158676,0.9997689677219764
893,0.0010129720310443173,0.8573098030744815,0.9998189935497209
894,0.0012134248898684175,0.85709048018736,0.9997367613455829
895,0.0010680268072367956,0.8572318962976044,0.9997829163775724
896,0.0010576122531703875,0.8583306635127348,0.9998080192827711
897,0.0010966128679951105,0.8571865687183305,0.9997601707776388
898,0.0009804236543976574,0.8574509176553464,0.9998398984179777
899,0.001000645382708742,0.8570255929348516,0.9998154710320866
900,0.0010489048441990698,0.8573132320946338,0.9998111397612328
901,0.0011254193126589206,0.8574426068979151,0.9997546018338671
902,0.0010934876022385615,0.8565526709837072,0.9997695006576239
903,0.0010529095033074126,0.857159302515142,0.9997683412888471
904,0.001068541171787051,0.8571870373744591,0.9997883953300177
905,0.0011126111985147729,0.8570607421444911,0.999817945209204
906,0.0009926479439908529,0.857021805118112,0.9998060184366563
907,0.001048097103907197,0.8574476207003874,0.9998012278594223
908,0.0010998105885935765,0.8573233006047267,0.9997801418397941
909,0.001071215140423281,0.8569878818942052,0.9997832237505445
910,0.001139741170667477,0.8572101522894466,0.9997457932023441
911,0.001024627147867874,0.8569530307077894,0.9998201400625939
912,0.00109430782122574,0.8575760476729449,0.9997724808898627
913,0.0010341368181923149,0.8573597073554993,0.9998046860975378
914,0.0010095065803148364,0.8573661949120316,0.9998130821714214
915,0.0010831848856326484,0.857243633737751,0.9997814496358236
916,0.001082366242246958,0.8566452697211621,0.9997825155071184
917,0.0010581449719657208,0.8571958343187968,0.9998051734531627
918,0.0010335711561435578,0.857913640199923,0.999811476352168
919,0.0010771185145987308,0.8576384712668026,0.9997971443568959
920,0.0011850015600394532,0.8570714031948763,0.999733124293533
921,0.0010267101409708096,0.857488771279653,0.9998245741806778
922,0.0010475280401342566,0.8567298650741577,0.9998170055595099
923,0.0010469352498915338,0.8570248122308769,0.9997824348655402
924,0.0010514010266656532,0.8577566228660882,0.9997978070202995
925,0.001081124941622108,0.8570468075135175,0.999763575254702
926,0.0010627998660008113,0.8576364856140286,0.9997786143246818
927,0.0009933476908105042,0.8574060809378531,0.9998167554537455
928,0.0010606165771034784,0.8579217195510864,0.9998113162377301
929,0.0010022573360223689,0.8568110933490828,0.999825914700826
930,0.0010381931229037982,0.8571340839068095,0.9997804901179146
931,0.001143664679165893,0.8572662320791506,0.9997783022768357
932,0.0009440834869119321,0.8573171835319668,0.9998274340349085
933,0.0009626654243808897,0.8574705895255593,0.9998073753188638
934,0.0010001662640384964,0.8571942062938914,0.9998077200908287
935,0.0011264179917691531,0.8569077989634346,0.9997830905166327
936,0.0011800076577392425,0.8574169137898613,0.999747538099102
937,0.0010808255710620799,0.8566268799351711,0.9997966207709967
938,0.0011368342538309447,0.8575873456749261,0.9997575236301796
939,0.0009950758266153142,0.8578121568642411,0.9997979355793373
940,0.001120178004973294,0.8566152476796917,0.9997905469408223
941,0.0011602770925189059,0.8562195932163912,0.9997563408870324
942,0.001020021903826216,0.8568782210350037,0.9998015691252315
943,0.0011353540701070325,0.8575164745835697,0.9998004050815806
944,0.0010623468939835827,0.8576663218292535,0.9998090115247988
945,0.001053944788759063,0.8570178793925866,0.9997769769500283
946,0.0010600570120218704,0.8568912160162833,0.9998078766991111
947,0.0011045267775782622,0.8568368063253515,0.9997488809566871
948,0.0011403394706647697,0.8577245169994878,0.9997705688663557
949,0.0009872116126786626,0.8572941784765206,0.9998224623063031
950,0.000982392777907936,0.8564249557607314,0.9998052073459999
951,0.0010395824193598375,0.8577985716801063,0.9998008094581903
952,0.0010083674523961165,0.8574592272440592,0.9998014335538826
953,0.0010834596081015964,0.8575955898154015,0.9998045365015665
954,0.0011696451122178604,0.8568307441823623,0.9997471547594258
955,0.0011706992147225595,0.8569502468202629,0.9997369565215766
956,0.0011030953975540458,0.8569270302267635,0.9997762441635132
957,0.0009795818865920107,0.8566111852140987,0.999826170650183
958,0.001054297324598712,0.8570459578551498,0.9997986414853264
959,0.0010717287243060842,0.857110998209785,0.9997908998938168
960,0.0010245130871029972,0.8575153584573784,0.9998276315483392
961,0.0010222513319960997,0.8572112427038305,0.999815472200805
962,0.001179130439185446,0.8567455562890745,0.9997386242829117
963,0.0010654858436764164,0.8567241710775039,0.9997877957774144
964,0.0010896513772690121,0.8576236273728165,0.9997723686928842
965,0.0011081913338891942,0.8570070477092967,0.9997962701554391
966,0.0010017545302581116,0.8574479444354188,0.9997875760583317
967,0.001083333697512417,0.8572486124786676,0.9997998277346293
968,0.001130174208596787,0.8573671193683848,0.9997551686623517
969,0.0010910894078038195,0.8568119769002877,0.99979466901106
970,0.001071842130520107,0.8565962560036603,0.9997848167138941
971,0.0010783451212131802,0.8566538703207877,0.9997988915910908
972,0.0011535944387444533,0.857596730484682,0.9997599545647117
973,0.001061281635010542,0.8560829559961954,0.9997919295348373
974,0.001049374582305295,0.8567807475725809,0.9998055965292687
975,0.0010456423801324312,0.8571195380360472,0.9998128168723163
976,0.0010708717289198116,0.8574561885758942,0.9997965950591892
977,0.0010477324905485718,0.8578584486362981,0.9997716125319985
978,0.0010066845233999558,0.857666178076875,0.9997954859453089
979,0.0010690836688987545,0.8569882699087554,0.9997945299335554
980,0.0010695511500314607,0.8568934669681624,0.9997841061330309
981,0.0011434100069534763,0.8576304421705359,0.9997972787595263
982,0.0009705583021665612,0.8574510286836063,0.9998228900572833
983,0.001055081799516783,0.8571237641222337,0.9997863150110432
984,0.0010973390005757193,0.8566173911094666,0.999794041409212
985,0.0010368541583838855,0.8570019754708982,0.9998085218317369
986,0.0010953705704214015,0.8568669814689487,0.9997819054360483
987,0.001053124323815984,0.8569141299116845,0.9998004798795662
988,0.0010976529687040432,0.8575043222483467,0.9997958026680291
989,0.0010779270361287192,0.8579747150926029,0.9997775052108017
990,0.0011023013594596849,0.8580836969263413,0.9997899929682413
991,0.0009617389010849828,0.8564934169544893,0.9998249399895761
992,0.0010721702579472797,0.8572874922378391,0.9997908215896756
993,0.0010856173541077285,0.8576857716429467,0.999824650147382
994,0.0011000172440510463,0.857263955415464,0.999764294016595
995,0.0010629105084922676,0.8567678811503392,0.9997688169572868
996,0.0010280852170670223,0.8578041043936038,0.9998204287360696
997,0.0010503025111450138,0.8574169862504099,0.9997910015723285
998,0.0010409422456195542,0.8568221015088698,0.9997835428107018
999,0.0010598519743949758,0.8569474968255735,0.999784575957878
1000,0.0010874579277108697,0.85749312358744,0.9997771826444888
